{
  "version": 1,
  "author": "תומר עוזר",
  "editor": "wokwi",
  "parts": [
    { "type": "wokwi-breadboard-half", "id": "bb1", "top": -70.2, "left": -170, "attrs": {} },
    {
      "type": "board-esp32-devkit-c-v4",
      "id": "esp",
      "top": -76.8,
      "left": 177.64,
      "attrs": { "env": "micropython-20231227-v1.22.0" }
    },
    { "type": "wokwi-mpu6050", "id": "imu1", "top": -15.38, "left": 59.92, "attrs": {} },
    {
      "type": "board-ssd1306",
      "id": "oled1",
      "top": 79.94,
      "left": 57.83,
      "attrs": { "i2cAddress": "0x3c" }
    }
  ],
  "connections": [
    [ "esp:TX", "$serialMonitor:RX", "", [] ],
    [ "esp:RX", "$serialMonitor:TX", "", [] ],
    [ "imu1:VCC", "bb1:tp.25", "red", [ "v0" ] ],
    [ "bb1:tn.24", "imu1:GND", "black", [ "v0" ] ],
    [ "bb1:tp.24", "esp:3V3", "red", [ "v-28.5", "h49.6" ] ],
    [ "bb1:tn.23", "esp:GND.2", "black", [ "v-48.1", "h164.8" ] ],
    [ "esp:22", "bb1:28t.a", "gold", [ "h19.2", "v-86.4", "h-201.6", "v86.4", "h-9.6" ] ],
    [ "bb1:27t.a", "esp:21", "green", [ "v-19.2", "h-76.8", "v-86.4", "h278.4", "v124.8" ] ],
    [ "oled1:GND", "imu1:GND", "black", [ "v-28.8", "h48", "v-86.4", "h-19.2" ] ],
    [ "imu1:SCL", "oled1:SCL", "yellow", [ "v0" ] ],
    [ "imu1:SDA", "oled1:SDA", "green", [ "v-28.8", "h48.08", "v105.6" ] ],
    [ "oled1:VCC", "bb1:19b.i", "red", [ "v0" ] ],
    [ "bb1:19b.h", "bb1:17t.c", "red", [ "v0" ] ],
    [ "bb1:tp.14", "bb1:17t.b", "red", [ "v0" ] ],
    [ "oled1:GND", "bb1:26b.j", "", [ "$bb" ] ],
    [ "oled1:VCC", "bb1:27b.j", "", [ "$bb" ] ],
    [ "oled1:SCL", "bb1:28b.j", "", [ "$bb" ] ],
    [ "oled1:SDA", "bb1:29b.j", "", [ "$bb" ] ],
    [ "imu1:INT", "bb1:23t.b", "", [ "$bb" ] ],
    [ "imu1:AD0", "bb1:24t.b", "", [ "$bb" ] ],
    [ "imu1:XCL", "bb1:25t.b", "", [ "$bb" ] ],
    [ "imu1:XDA", "bb1:26t.b", "", [ "$bb" ] ],
    [ "imu1:SDA", "bb1:27t.b", "", [ "$bb" ] ],
    [ "imu1:SCL", "bb1:28t.b", "", [ "$bb" ] ],
    [ "imu1:GND", "bb1:29t.b", "", [ "$bb" ] ],
    [ "imu1:VCC", "bb1:30t.b", "", [ "$bb" ] ]
  ],
  "dependencies": {}
}